method,mode,nulls,rmse,test_size,time,test_size_p
classic,B,0.1,1.1681092809767495,64,0.020128488540649414,0.1
word2vec,B,0.1,2.1392121537695474,64,0.026875734329223633,0.1
SVD,B,0.1,1.9780447865364603,64,0.001283407211303711,0.1
classic,B,0.1,1.0438768949780242,129,0.011939048767089844,0.2
word2vec,B,0.1,2.1110009112540356,129,0.027665376663208008,0.2
SVD,B,0.1,2.0004644864213557,129,0.0024559497833251953,0.2
classic,B,0.1,1.3625639967630818,194,0.0271298885345459,0.3
word2vec,B,0.1,2.5444323186854763,194,0.010242223739624023,0.3
SVD,B,0.1,2.470659365094324,194,0.002492666244506836,0.3
classic,B,0.1,1.2993036730982315,259,0.033043622970581055,0.4
word2vec,B,0.1,2.543388870702492,259,0.0025603771209716797,0.4
SVD,B,0.1,2.517799374209108,259,0.005936861038208008,0.4
classic,B,0.1,1.4039637777047922,324,0.03743124008178711,0.5
word2vec,B,0.1,2.6263928010837287,324,0.002680540084838867,0.5
SVD,B,0.1,2.5908191799692486,324,0.0026009082794189453,0.5
classic,B,0.1,1.5646425900212448,389,0.03667497634887695,0.6
word2vec,B,0.1,2.6006452931565636,389,0.022748470306396484,0.6
SVD,B,0.1,2.535572521688667,389,0.0025255680084228516,0.6
classic,B,0.1,68696402262923.914,454,0.013047456741333008,0.7
word2vec,B,0.1,2.79714063839679,454,0.002493143081665039,0.7
SVD,B,0.1,2.7487884385738073,454,0.0024161338806152344,0.7
classic,B,0.1,36472622463165.086,519,0.03562784194946289,0.8
word2vec,B,0.1,2.841835918864277,519,0.0228273868560791,0.8
SVD,B,0.1,2.952200934747363,519,0.0023767948150634766,0.8
classic,B,0.1,5.193886548236505,584,0.023886680603027344,0.9
word2vec,B,0.1,3.0401937234504977,584,0.030106306076049805,0.9
SVD,B,0.1,3.7373540783191253,584,0.0024738311767578125,0.9
classic,C,0.1,1.1762500593302208,64,0.008811235427856445,0.1
word2vec,C,0.1,2.204451211035378,64,0.056671857833862305,0.1
SVD,C,0.1,1.9160185307534534,64,0.021338701248168945,0.1
classic,C,0.1,1.0229773544674123,129,0.011211633682250977,0.2
word2vec,C,0.1,2.090640723272415,129,0.028653383255004883,0.2
SVD,C,0.1,1.9703492077934202,129,0.028188705444335938,0.2
classic,C,0.1,1.3819560855152033,194,0.025648117065429688,0.3
word2vec,C,0.1,2.539416884633806,194,0.0068492889404296875,0.3
SVD,C,0.1,2.419692944018558,194,0.003042936325073242,0.3
classic,C,0.1,1.3099560555185379,259,0.02729058265686035,0.4
word2vec,C,0.1,2.54930848007735,259,0.008162498474121094,0.4
SVD,C,0.1,2.4814526725087567,259,0.0025849342346191406,0.4
classic,C,0.1,1.412607646364864,324,0.012223958969116211,0.5
word2vec,C,0.1,2.759860342653317,324,0.07123875617980957,0.5
SVD,C,0.1,2.5502444924465824,324,0.0024802684783935547,0.5
classic,C,0.1,1.5440513957717756,389,0.025977134704589844,0.6
word2vec,C,0.1,2.6712108393312026,389,0.009224414825439453,0.6
SVD,C,0.1,2.4984163346926507,389,0.002865314483642578,0.6
classic,C,0.1,26147503671549.59,454,0.007637739181518555,0.7
word2vec,C,0.1,2.8149335581023074,454,0.0033288002014160156,0.7
SVD,C,0.1,2.871227738589427,454,0.0024967193603515625,0.7
classic,C,0.1,36007494835250.36,519,0.01737523078918457,0.8
word2vec,C,0.1,2.946351621663049,519,0.0024411678314208984,0.8
SVD,C,0.1,2.9175309066675483,519,0.0024023056030273438,0.8
classic,C,0.1,5.507040990280062,584,0.006617546081542969,0.9
word2vec,C,0.1,3.5972645579680345,584,0.0277099609375,0.9
SVD,C,0.1,2.9192225799193188,584,0.002435922622680664,0.9
classic,C,0.2,1.125794711662131,64,0.008492231369018555,0.1
word2vec,C,0.2,2.23277247871232,64,0.04998421669006348,0.1
SVD,C,0.2,2.1091485127363545,64,0.0012826919555664062,0.1
classic,C,0.2,1.0287228185688446,129,0.006378650665283203,0.2
word2vec,C,0.2,2.202972440089931,129,0.0012919902801513672,0.2
SVD,C,0.2,2.199820977323175,129,0.0012061595916748047,0.2
classic,C,0.2,1.4192452943615246,194,0.025101423263549805,0.3
word2vec,C,0.2,2.4897269045627892,194,0.0027952194213867188,0.3
SVD,C,0.2,2.5026553265196956,194,0.010074377059936523,0.3
classic,C,0.2,1.3282854557565993,259,0.024739503860473633,0.4
word2vec,C,0.2,2.5546340636655787,259,0.005297422409057617,0.4
SVD,C,0.2,2.586125939906431,259,0.006304264068603516,0.4
classic,C,0.2,1.4224111889441242,324,0.019663333892822266,0.5
word2vec,C,0.2,2.5644572164364243,324,0.02496957778930664,0.5
SVD,C,0.2,2.6006193167614775,324,0.0024209022521972656,0.5
classic,C,0.2,1.4778183702518168,389,0.014425277709960938,0.6
word2vec,C,0.2,2.7337509045121884,389,0.007891416549682617,0.6
SVD,C,0.2,2.6201349538453,389,0.0024144649505615234,0.6
classic,C,0.2,38689510653214.836,454,0.009915590286254883,0.7
word2vec,C,0.2,3.0725207539101387,454,0.03708815574645996,0.7
SVD,C,0.2,3.1985508786553933,454,0.002427339553833008,0.7
classic,C,0.2,31571623747799.816,519,0.01081085205078125,0.8
word2vec,C,0.2,3.169961354365644,519,0.035188913345336914,0.8
SVD,C,0.2,3.361198586010256,519,0.030936717987060547,0.8
classic,C,0.2,4.841720902593811,584,0.012376785278320312,0.9
word2vec,C,0.2,3.051352429257501,584,0.07120871543884277,0.9
SVD,C,0.2,3.196457598660209,584,0.0023736953735351562,0.9
classic,C,0.3,1.2007628668934167,64,0.007634639739990234,0.1
word2vec,C,0.3,2.1229592499971974,64,0.031046628952026367,0.1
SVD,C,0.3,2.037920222430934,64,0.019196510314941406,0.1
classic,C,0.3,1.0765001037656081,129,0.007535219192504883,0.2
word2vec,C,0.3,2.0917751060286864,129,0.038717031478881836,0.2
SVD,C,0.3,2.0511634001636847,129,0.001216888427734375,0.2
classic,C,0.3,1.380917067988978,194,0.017560482025146484,0.3
word2vec,C,0.3,2.417584463708425,194,0.004978656768798828,0.3
SVD,C,0.3,2.4671272781412785,194,0.003103017807006836,0.3
classic,C,0.3,1.3087832261311436,259,0.011111021041870117,0.4
word2vec,C,0.3,2.4091042256091213,259,0.02045607566833496,0.4
SVD,C,0.3,2.490002063337563,259,0.00596928596496582,0.4
classic,C,0.3,1.4199454912065288,324,0.029537677764892578,0.5
word2vec,C,0.3,2.444630145656741,324,0.00852656364440918,0.5
SVD,C,0.3,2.5241793907587806,324,0.002572774887084961,0.5
classic,C,0.3,1.4725328891571416,389,0.02214503288269043,0.6
word2vec,C,0.3,2.7209841985376317,389,0.005217552185058594,0.6
SVD,C,0.3,2.598128058365619,389,0.0047991275787353516,0.6
classic,C,0.3,98184971727400.83,454,0.02221202850341797,0.7
word2vec,C,0.3,3.2337311872311973,454,0.0026586055755615234,0.7
SVD,C,0.3,3.0036566872492814,454,0.0025272369384765625,0.7
classic,C,0.3,17296309637247.975,519,0.013800382614135742,0.8
word2vec,C,0.3,3.288481300244297,519,0.07137608528137207,0.8
SVD,C,0.3,2.9765896731019637,519,0.0025260448455810547,0.8
classic,C,0.3,3.7976801290258084,584,0.0055081844329833984,0.9
word2vec,C,0.3,3.165837110628182,584,0.03194737434387207,0.9
SVD,C,0.3,3.0355561597765113,584,0.04873371124267578,0.9
classic,C,0.4,1.1720500607816489,64,0.007634878158569336,0.1
word2vec,C,0.4,2.1009830394129994,64,0.012053728103637695,0.1
SVD,C,0.4,2.16018588630284,64,0.0044362545013427734,0.1
classic,C,0.4,1.0743393970508226,129,0.00815582275390625,0.2
word2vec,C,0.4,2.1182783313913554,129,0.00969839096069336,0.2
SVD,C,0.4,2.1467128074449926,129,0.0012021064758300781,0.2
classic,C,0.4,1.3847046877654392,194,0.007955551147460938,0.3
word2vec,C,0.4,2.5149230203410404,194,0.004099845886230469,0.3
SVD,C,0.4,2.5570415033085587,194,0.0024666786193847656,0.3
classic,C,0.4,1.3659154163849379,259,0.008074045181274414,0.4
word2vec,C,0.4,2.5279110540267125,259,0.004106760025024414,0.4
SVD,C,0.4,2.5380052090865863,259,0.002392292022705078,0.4
classic,C,0.4,1.3999312489681695,324,0.007912635803222656,0.5
word2vec,C,0.4,2.5728285581053822,324,0.007866859436035156,0.5
SVD,C,0.4,2.5982171207833447,324,0.0024416446685791016,0.5
classic,C,0.4,1.5220557004169954,389,0.06042981147766113,0.6
word2vec,C,0.4,2.709472039303898,389,0.0048122406005859375,0.6
SVD,C,0.4,2.6133543950881855,389,0.002791166305541992,0.6
classic,C,0.4,62137864417816.97,454,0.013120651245117188,0.7
word2vec,C,0.4,3.132527640466229,454,0.0025179386138916016,0.7
SVD,C,0.4,2.9536387342093007,454,0.0024645328521728516,0.7
classic,C,0.4,22613159759945.66,519,0.006719350814819336,0.8
word2vec,C,0.4,3.245306788232777,519,0.09987568855285645,0.8
SVD,C,0.4,2.8914399428550674,519,0.0024619102478027344,0.8
classic,C,0.4,5.162065981009917,584,0.006001710891723633,0.9
word2vec,C,0.4,3.4663859287873757,584,0.02281475067138672,0.9
SVD,C,0.4,3.4037720148430495,584,0.0036268234252929688,0.9
classic,C,0.5,1.2073432108279631,64,0.010948896408081055,0.1
word2vec,C,0.5,2.1810099884880123,64,0.04517412185668945,0.1
SVD,C,0.5,2.1664211316982893,64,0.024638891220092773,0.1
classic,C,0.5,1.0719064236597602,129,0.008021116256713867,0.2
word2vec,C,0.5,2.12074400432342,129,0.009598970413208008,0.2
SVD,C,0.5,2.1278481539388934,129,0.001218557357788086,0.2
classic,C,0.5,1.433107898547087,194,0.007626771926879883,0.3
word2vec,C,0.5,2.528307950160978,194,0.027462005615234375,0.3
SVD,C,0.5,2.538882139278134,194,0.0024356842041015625,0.3
classic,C,0.5,1.3618364801814606,259,0.026788949966430664,0.4
word2vec,C,0.5,2.5132281367596434,259,0.008361101150512695,0.4
SVD,C,0.5,2.588725679521049,259,0.002537965774536133,0.4
classic,C,0.5,1.491010914243833,324,0.011695623397827148,0.5
word2vec,C,0.5,2.635837181097445,324,0.0498807430267334,0.5
SVD,C,0.5,2.6553173355062043,324,0.0024726390838623047,0.5
classic,C,0.5,1.631374694043887,389,0.007691383361816406,0.6
word2vec,C,0.5,2.8487676927596777,389,0.028548479080200195,0.6
SVD,C,0.5,2.7327026260497673,389,0.0024628639221191406,0.6
classic,C,0.5,32999329585346.145,454,0.016552209854125977,0.7
word2vec,C,0.5,3.1486268475393877,454,0.002757549285888672,0.7
SVD,C,0.5,3.0054965718268014,454,0.0026035308837890625,0.7
classic,C,0.5,22687528463043.016,519,0.007128000259399414,0.8
word2vec,C,0.5,3.254328898295615,519,0.021836519241333008,0.8
SVD,C,0.5,3.0892475419657566,519,0.007848739624023438,0.8
classic,C,0.5,3.750067415353012,584,0.008169889450073242,0.9
word2vec,C,0.5,3.7540476314055318,584,0.010964155197143555,0.9
SVD,C,0.5,3.32550879950837,584,0.002369403839111328,0.9
classic,C,0.6,1.178376207424765,64,0.008002996444702148,0.1
word2vec,C,0.6,2.3925380652997577,64,0.01873159408569336,0.1
SVD,C,0.6,2.3024024829289256,64,0.01882481575012207,0.1
classic,C,0.6,1.0573126183911359,129,0.00808095932006836,0.2
word2vec,C,0.6,2.2854708467678617,129,0.02926325798034668,0.2
SVD,C,0.6,2.2395282815567294,129,0.035366058349609375,0.2
classic,C,0.6,1.4128771482723619,194,0.011981725692749023,0.3
word2vec,C,0.6,2.664396243006854,194,0.006302595138549805,0.3
SVD,C,0.6,2.560996921527896,194,0.002460002899169922,0.3
classic,C,0.6,1.3319563683935112,259,0.009447097778320312,0.4
word2vec,C,0.6,2.6500619513436736,259,0.007245063781738281,0.4
SVD,C,0.6,2.645409234968253,259,0.002460002899169922,0.4
classic,C,0.6,1.433319369606056,324,0.02811741828918457,0.5
word2vec,C,0.6,2.6122558579280786,324,0.0026504993438720703,0.5
SVD,C,0.6,2.7086853231198806,324,0.0024890899658203125,0.5
classic,C,0.6,1.5018919643333493,389,0.019784927368164062,0.6
word2vec,C,0.6,2.7794783828353298,389,0.016967296600341797,0.6
SVD,C,0.6,2.893861899344186,389,0.015824079513549805,0.6
classic,C,0.6,24909115913105.7,454,0.015372753143310547,0.7
word2vec,C,0.6,3.0674361265745893,454,0.019855499267578125,0.7
SVD,C,0.6,3.0608095332140364,454,0.0024852752685546875,0.7
classic,C,0.6,28074169870135.086,519,0.0075225830078125,0.8
word2vec,C,0.6,3.1643103229238503,519,0.07793760299682617,0.8
SVD,C,0.6,3.307215247571155,519,0.002507448196411133,0.8
classic,C,0.6,3.249086948120915,584,0.0076754093170166016,0.9
word2vec,C,0.6,3.5184008355635403,584,0.0673677921295166,0.9
SVD,C,0.6,3.424522248710398,584,0.002629995346069336,0.9
classic,C,0.7,1.122892698604221,64,0.007782697677612305,0.1
classic,C,0.7,1.122892698604221,64,0.008151054382324219,0.1
classic,C,0.7,1.122892698604221,64,0.007309913635253906,0.1
classic,C,0.7,1.122892698604221,64,0.007627964019775391,0.1
classic,B,0.2,1.194835956892331,64,0.008178234100341797,0.1
word2vec,B,0.2,2.166986774544028,64,0.04277443885803223,0.1
SVD,B,0.2,1.8729445093177195,64,0.0012464523315429688,0.1
classic,B,0.2,1.035533135872199,129,0.008200883865356445,0.2
word2vec,B,0.2,1.997876388392685,129,0.03911471366882324,0.2
SVD,B,0.2,1.9382749406559312,129,0.001203775405883789,0.2
classic,B,0.2,1.3238682893511922,194,0.010220527648925781,0.3
word2vec,B,0.2,2.394880716409388,194,0.011500358581542969,0.3
SVD,B,0.2,2.423566373278431,194,0.0024945735931396484,0.3
classic,B,0.2,1.265078949984487,259,0.011947393417358398,0.4
word2vec,B,0.2,2.439774839394711,259,0.022208213806152344,0.4
SVD,B,0.2,2.4966012419591976,259,0.007880210876464844,0.4
classic,B,0.2,1.3467506037137542,324,0.008827686309814453,0.5
word2vec,B,0.2,2.592423866481351,324,0.010102987289428711,0.5
SVD,B,0.2,2.5814522626705085,324,0.002476215362548828,0.5
classic,B,0.2,1.367490606964533,389,0.029654502868652344,0.6
word2vec,B,0.2,2.637780036248827,389,0.0076596736907958984,0.6
SVD,B,0.2,2.5181096250377113,389,0.0025200843811035156,0.6
classic,B,0.2,51434530859111.17,454,0.006167173385620117,0.7
word2vec,B,0.2,2.9825240536521087,454,0.0026531219482421875,0.7
SVD,B,0.2,2.7550929773481974,454,0.002431154251098633,0.7
classic,B,0.2,18065600800056.832,519,0.010636091232299805,0.8
word2vec,B,0.2,2.983008164371487,519,0.06473040580749512,0.8
SVD,B,0.2,2.8888706628411094,519,0.0027048587799072266,0.8
classic,B,0.2,5.2512140296373575,584,0.011298418045043945,0.9
word2vec,B,0.2,3.751887049317783,584,0.0492398738861084,0.9
SVD,B,0.2,3.0584914361568,584,0.0025987625122070312,0.9
classic,B,0.3,1.170910190657862,64,0.008109092712402344,0.1
word2vec,B,0.3,2.0903378559951937,64,0.011031627655029297,0.1
SVD,B,0.3,1.9676722691078605,64,0.012104034423828125,0.1
classic,B,0.3,1.071128599663882,129,0.009515047073364258,0.2
word2vec,B,0.3,2.1500859305245603,129,0.049393653869628906,0.2
SVD,B,0.3,2.140231243872481,129,0.016608715057373047,0.2
classic,B,0.3,1.3845712388248057,194,0.01100921630859375,0.3
word2vec,B,0.3,2.500742525448651,194,0.007384538650512695,0.3
SVD,B,0.3,2.472408334181886,194,0.002529621124267578,0.3
classic,B,0.3,1.3009463543915096,259,0.013421058654785156,0.4
word2vec,B,0.3,2.565207910928631,259,0.006141185760498047,0.4
SVD,B,0.3,2.5003802216900324,259,0.0026390552520751953,0.4
classic,B,0.3,1.4435603071211338,324,0.007133007049560547,0.5
word2vec,B,0.3,2.618985388872089,324,0.002669811248779297,0.5
SVD,B,0.3,2.5686834432785512,324,0.0025033950805664062,0.5
classic,B,0.3,1.5015354155846958,389,0.014222383499145508,0.6
word2vec,B,0.3,2.6987383231860647,389,0.025789260864257812,0.6
SVD,B,0.3,2.693113359370656,389,0.0025882720947265625,0.6
classic,B,0.3,72008700997709.28,454,0.011362075805664062,0.7
word2vec,B,0.3,2.9167944583233405,454,0.050788164138793945,0.7
SVD,B,0.3,2.9507053971195636,454,0.00249481201171875,0.7
classic,B,0.3,95069021572602.67,519,0.007675647735595703,0.8
word2vec,B,0.3,3.0129593622462436,519,0.06363821029663086,0.8
SVD,B,0.3,2.995995507425877,519,0.002498626708984375,0.8
classic,B,0.3,4.498294759939492,584,0.020760774612426758,0.9
word2vec,B,0.3,3.037294785413776,584,0.0025272369384765625,0.9
SVD,B,0.3,2.9519408207855924,584,0.0023984909057617188,0.9
classic,B,0.4,1.1602103838405484,64,0.01107025146484375,0.1
word2vec,B,0.4,1.977570352338052,64,0.03413248062133789,0.1
SVD,B,0.4,2.145917907795343,64,0.03807425498962402,0.1
classic,B,0.4,1.0218982433959185,129,0.008466482162475586,0.2
word2vec,B,0.4,2.038562718296649,129,0.015387535095214844,0.2
SVD,B,0.4,2.121925710833393,129,0.04353928565979004,0.2
classic,B,0.4,1.3870641815644615,194,0.029386520385742188,0.3
word2vec,B,0.4,2.4487925376376753,194,0.006423473358154297,0.3
SVD,B,0.4,2.523682627052562,194,0.004686594009399414,0.3
classic,B,0.4,1.3690855385863931,259,0.008761167526245117,0.4
word2vec,B,0.4,2.524542088373771,259,0.06446003913879395,0.4
SVD,B,0.4,2.54404034040036,259,0.0024666786193847656,0.4
classic,B,0.4,1.467645328954931,324,0.019187450408935547,0.5
word2vec,B,0.4,2.5536417111951337,324,0.017244815826416016,0.5
SVD,B,0.4,2.5598649686181023,324,0.0026671886444091797,0.5
classic,B,0.4,1.727175015230066,389,0.02957296371459961,0.6
word2vec,B,0.4,2.6648879131763823,389,0.0518951416015625,0.6
SVD,B,0.4,2.6035742517066467,389,0.0024826526641845703,0.6
classic,B,0.4,59778259994828.29,454,0.007352590560913086,0.7
word2vec,B,0.4,3.063724395387343,454,0.0868372917175293,0.7
SVD,B,0.4,2.914345633142327,454,0.002436399459838867,0.7
classic,B,0.4,827375957792.2606,519,0.006629228591918945,0.8
word2vec,B,0.4,3.141586246064931,519,0.07652950286865234,0.8
SVD,B,0.4,2.9435698905561223,519,0.03907346725463867,0.8
classic,B,0.4,6.094115273099895,584,0.005715608596801758,0.9
word2vec,B,0.4,2.8554525423805255,584,0.05852508544921875,0.9
SVD,B,0.4,2.9569382558435073,584,0.031243085861206055,0.9
classic,B,0.5,1.217192529519927,64,0.03741121292114258,0.1
word2vec,B,0.5,2.297813450645031,64,0.0446929931640625,0.1
SVD,B,0.5,1.983220666759762,64,0.024892330169677734,0.1
classic,B,0.5,1.0608214030210283,129,0.011220693588256836,0.2
word2vec,B,0.5,2.1501896475576276,129,0.004423379898071289,0.2
SVD,B,0.5,2.0126452158644557,129,0.0025267601013183594,0.2
classic,B,0.5,1.3788481778973556,194,0.07654094696044922,0.3
word2vec,B,0.5,2.5011938794324893,194,0.003528118133544922,0.3
SVD,B,0.5,2.4368434926938978,194,0.002588510513305664,0.3
classic,B,0.5,1.325746114676984,259,0.044197797775268555,0.4
word2vec,B,0.5,2.4910181186456204,259,0.007981300354003906,0.4
SVD,B,0.5,2.4344727378853714,259,0.02180624008178711,0.4
classic,B,0.5,1.4396322711985643,324,0.04485917091369629,0.5
word2vec,B,0.5,2.5251705155076434,324,0.002244710922241211,0.5
SVD,B,0.5,2.4967244227654475,324,0.0014421939849853516,0.5
classic,B,0.5,8742949337931.838,389,0.03498649597167969,0.6
word2vec,B,0.5,2.8106942654729075,389,0.005659341812133789,0.6
SVD,B,0.5,2.682556513059638,389,0.003797292709350586,0.6
classic,B,0.5,31817580893435.76,454,0.01349020004272461,0.7
word2vec,B,0.5,3.158391473765481,454,0.0026612281799316406,0.7
SVD,B,0.5,3.153818945082094,454,0.0025060176849365234,0.7
classic,B,0.5,34141674637512.152,519,0.010491609573364258,0.8
word2vec,B,0.5,3.2421966305377827,519,0.04532480239868164,0.8
SVD,B,0.5,3.2339744233362464,519,0.008428096771240234,0.8
classic,B,0.5,6.285633079677881,584,0.006004810333251953,0.9
word2vec,B,0.5,3.4506598705836535,584,0.021608352661132812,0.9
SVD,B,0.5,3.25944015731049,584,0.0039234161376953125,0.9
classic,A,0.5,24605221387.818363,64,0.010843515396118164,0.1
word2vec,A,0.5,2.0510688638533017,64,0.05245065689086914,0.1
SVD,A,0.5,1.9527424121137005,64,0.00266265869140625,0.1
classic,A,0.5,32616120407.26501,129,0.008870363235473633,0.2
word2vec,A,0.5,1.9392594472785227,129,0.007709026336669922,0.2
SVD,A,0.5,2.0841777453479624,129,0.0024635791778564453,0.2
classic,A,0.5,116574599473.8584,194,0.0949392318725586,0.3
word2vec,A,0.5,2.535645251684172,194,0.002790689468383789,0.3
SVD,A,0.5,2.4664626912924947,194,0.002565145492553711,0.3
classic,A,0.5,131859060039.49515,259,0.029474496841430664,0.4
word2vec,A,0.5,2.61157862076272,259,0.012825965881347656,0.4
SVD,A,0.5,2.5359679485831244,259,0.0025322437286376953,0.4
classic,A,0.5,156638153145.94836,324,0.02547764778137207,0.5
word2vec,A,0.5,2.7720886729752214,324,0.0031585693359375,0.5
SVD,A,0.5,2.615187234096524,324,0.002467632293701172,0.5
classic,A,0.5,1.5019370776858674,389,0.019849777221679688,0.6
word2vec,A,0.5,2.6949701456431567,389,0.0026268959045410156,0.6
SVD,A,0.5,2.4982099267657607,389,0.002428293228149414,0.6
classic,A,0.5,1.4730463370724767,454,0.04482460021972656,0.7
word2vec,A,0.5,2.6248991558084684,454,0.005162239074707031,0.7
SVD,A,0.5,2.757663957151918,454,0.0025348663330078125,0.7
classic,A,0.5,1.67614371237979,519,0.006604194641113281,0.8
word2vec,A,0.5,2.7546497758233985,519,0.04830813407897949,0.8
SVD,A,0.5,2.684230811868387,519,0.0024261474609375,0.8
classic,A,0.5,3.8159986397355663,584,0.01581740379333496,0.9
word2vec,A,0.5,3.651947846531701,584,0.05955195426940918,0.9
SVD,A,0.5,4.515257881715246,584,0.0025360584259033203,0.9
classic,A,0.4,104955992108.35205,64,0.04287910461425781,0.1
word2vec,A,0.4,2.1704341752929572,64,0.013258218765258789,0.1
SVD,A,0.4,1.940284874422473,64,0.0012404918670654297,0.1
classic,A,0.4,48254176730.06916,129,0.010872125625610352,0.2
word2vec,A,0.4,2.1406754657233025,129,0.0318455696105957,0.2
SVD,A,0.4,2.070774968861668,129,0.010247468948364258,0.2
classic,A,0.4,76891348763.6258,194,0.023967742919921875,0.3
word2vec,A,0.4,2.471370931262381,194,0.0077588558197021484,0.3
SVD,A,0.4,2.4566160253410407,194,0.002672910690307617,0.3
classic,A,0.4,80562715539.36026,259,0.02430891990661621,0.4
word2vec,A,0.4,2.488924188151225,259,0.020780086517333984,0.4
SVD,A,0.4,2.5302931294417474,259,0.0026001930236816406,0.4
classic,A,0.4,191189172970.76843,324,0.013956069946289062,0.5
word2vec,A,0.4,2.5267051687176765,324,0.038808584213256836,0.5
SVD,A,0.4,2.585366076123531,324,0.002433300018310547,0.5
classic,A,0.4,1.5080344085799775,389,0.02041912078857422,0.6
word2vec,A,0.4,2.5271594535543813,389,0.0027246475219726562,0.6
SVD,A,0.4,2.488659943571967,389,0.0025877952575683594,0.6
classic,A,0.4,1.4820007703971951,454,0.01788163185119629,0.7
word2vec,A,0.4,3.761559555676627,454,0.0025599002838134766,0.7
SVD,A,0.4,2.7410420182217283,454,0.002377748489379883,0.7
classic,A,0.4,1.6868249279419605,519,0.011562585830688477,0.8
word2vec,A,0.4,3.5558747128879435,519,0.04627633094787598,0.8
SVD,A,0.4,2.6837853548696766,519,0.002454042434692383,0.8
classic,A,0.4,3.8204417565039557,584,0.005816936492919922,0.9
word2vec,A,0.4,3.4035642027809496,584,0.012192010879516602,0.9
SVD,A,0.4,3.9025323409399704,584,0.002354860305786133,0.9
classic,A,0.3,46331050754.232895,64,0.011201143264770508,0.1
word2vec,A,0.3,2.05265440635369,64,0.004403829574584961,0.1
SVD,A,0.3,1.943010707264648,64,0.0025086402893066406,0.1
classic,A,0.3,30436314874.43296,129,0.007503986358642578,0.2
word2vec,A,0.3,2.064654670672652,129,0.03408193588256836,0.2
SVD,A,0.3,2.070241215503336,129,0.0012140274047851562,0.2
classic,A,0.3,31506018591.81735,194,0.03922271728515625,0.3
word2vec,A,0.3,2.441922465098569,194,0.002864837646484375,0.3
SVD,A,0.3,2.4581694823961406,194,0.018475055694580078,0.3
classic,A,0.3,122571408988.8467,259,0.009275436401367188,0.4
word2vec,A,0.3,2.510926211911166,259,0.06884527206420898,0.4
SVD,A,0.3,2.531754873681583,259,0.002641439437866211,0.4
classic,A,0.3,74059581899.94745,324,0.014377832412719727,0.5
word2vec,A,0.3,2.599311774534387,324,0.009366989135742188,0.5
SVD,A,0.3,2.5885385228320246,324,0.002464771270751953,0.5
classic,A,0.3,1.504338808409921,389,0.011708974838256836,0.6
word2vec,A,0.3,2.4956801522145513,389,0.00445556640625,0.6
SVD,A,0.3,2.4905274218518954,389,0.0025038719177246094,0.6
classic,A,0.3,1.4762912730345665,454,0.04864621162414551,0.7
word2vec,A,0.3,2.705616204087071,454,0.002687692642211914,0.7
SVD,A,0.3,2.7456889944915517,454,0.002443075180053711,0.7
classic,A,0.3,1.6829688718987574,519,0.007644176483154297,0.8
word2vec,A,0.3,2.715214743781113,519,0.06434082984924316,0.8
SVD,A,0.3,2.68375589740499,519,0.0025267601013183594,0.8
classic,A,0.3,3.8196352828448354,584,0.034993648529052734,0.9
word2vec,A,0.3,3.660416013282582,584,0.002771615982055664,0.9
SVD,A,0.3,3.9610490004239796,584,0.0025157928466796875,0.9
classic,A,0.2,55269419959.66875,64,0.03538036346435547,0.1
word2vec,A,0.2,2.0386900871116627,64,0.0021920204162597656,0.1
SVD,A,0.2,1.9259612492740137,64,0.0013506412506103516,0.1
classic,A,0.2,8664820393.987255,129,0.007383584976196289,0.2
word2vec,A,0.2,2.0538308379352963,129,0.020654916763305664,0.2
SVD,A,0.2,2.0384092929913202,129,0.0011739730834960938,0.2
classic,A,0.2,17302912173.317696,194,0.008600711822509766,0.3
word2vec,A,0.2,2.433081181899425,194,0.07530927658081055,0.3
SVD,A,0.2,2.447148939461468,194,0.008238792419433594,0.3
classic,A,0.2,39291816276.040054,259,0.019257545471191406,0.4
word2vec,A,0.2,2.52413345661395,259,0.015272378921508789,0.4
SVD,A,0.2,2.5206204641932515,259,0.0030591487884521484,0.4
classic,A,0.2,36064231483.68948,324,0.0075495243072509766,0.5
word2vec,A,0.2,2.5932746232366157,324,0.005489826202392578,0.5
SVD,A,0.2,2.576545156596979,324,0.020421266555786133,0.5
classic,A,0.2,1.506211757150381,389,0.028735876083374023,0.6
word2vec,A,0.2,2.4971216232007927,389,0.0028209686279296875,0.6
SVD,A,0.2,2.4833218198885065,389,0.002578258514404297,0.6
classic,A,0.2,1.4781429227203575,454,0.012453317642211914,0.7
word2vec,A,0.2,2.883814368020464,454,0.017696857452392578,0.7
SVD,A,0.2,2.770078634101861,454,0.003342866897583008,0.7
classic,A,0.2,1.6886943383692448,519,0.015935659408569336,0.8
word2vec,A,0.2,2.8498250014046453,519,0.008120298385620117,0.8
SVD,A,0.2,2.7027646194725277,519,0.005163669586181641,0.8
classic,A,0.2,3.839739609537569,584,0.023524045944213867,0.9
word2vec,A,0.2,3.4050590851366183,584,0.05347323417663574,0.9
SVD,A,0.2,3.6953061077648393,584,0.002460002899169922,0.9
classic,A,0.1,54961634678.664734,64,0.007982969284057617,0.1
word2vec,A,0.1,2.0446664337399265,64,0.02900075912475586,0.1
SVD,A,0.1,1.9164030720493168,64,0.003529787063598633,0.1
classic,A,0.1,24266178537.277256,129,0.011160612106323242,0.2
word2vec,A,0.1,2.1890751216925244,129,0.03714585304260254,0.2
SVD,A,0.1,2.035564573425025,129,0.016208887100219727,0.2
classic,A,0.1,53557174165.277885,194,0.007604122161865234,0.3
word2vec,A,0.1,2.5185434872028285,194,0.06513476371765137,0.3
SVD,A,0.1,2.446284289141433,194,0.0024459362030029297,0.3
classic,A,0.1,92633666768.24828,259,0.02173924446105957,0.4
word2vec,A,0.1,2.568539945854473,259,0.005089998245239258,0.4
SVD,A,0.1,2.5209805676869657,259,0.0027272701263427734,0.4
classic,A,0.1,73820524705.36037,324,0.010807037353515625,0.5
word2vec,A,0.1,2.6001422075844407,324,0.003365039825439453,0.5
SVD,A,0.1,2.5774711792245117,324,0.0024726390838623047,0.5
classic,A,0.1,1.5065706625855102,389,0.015290498733520508,0.6
word2vec,A,0.1,2.515199825573134,389,0.002738475799560547,0.6
SVD,A,0.1,2.482512202417187,389,0.0026128292083740234,0.6
classic,A,0.1,1.4779820585980643,454,0.02932429313659668,0.7
word2vec,A,0.1,3.0862611326430707,454,0.008516311645507812,0.7
SVD,A,0.1,2.7741020334460904,454,0.0024340152740478516,0.7
classic,A,0.1,1.686809981925497,519,0.0058171749114990234,0.8
word2vec,A,0.1,3.079474666433626,519,0.012112140655517578,0.8
SVD,A,0.1,2.705976993434227,519,0.0024254322052001953,0.8
classic,A,0.1,3.8392429688505247,584,0.00950312614440918,0.9
word2vec,A,0.1,2.8466055876669873,584,0.04733109474182129,0.9
SVD,A,0.1,3.6869333393682227,584,0.002317667007446289,0.9
